video_id,track_id,t_start,t_end,score,label
/home/sung/fall_detection/datasets/gmdcsa24/Subject 3/Fall/01.mp4,3,0.10989999999999998,2.0181666666666667,0.8633763790130615,1
/home/sung/fall_detection/datasets/gmdcsa24/Subject 3/Fall/01.mp4,6,1.998,2.4339666666666666,0.7357733845710754,1
/home/sung/fall_detection/datasets/gmdcsa24/Subject 3/Fall/01.mp4,6,2.7661000000000002,3.8261666666666656,0.590238094329834,1
/home/sung/fall_detection/datasets/gmdcsa24/Subject 3/Fall/01.mp4,8,2.126266666666667,3.7622,0.8438793420791626,1
